date	time	150
date	time	149
date	time	148
date	time	147
date	time	146
date	time	145
date	time	144
date	time	143
date	time	142
date	time	141
date	time	140
date	time	139
date	time	138
date	time	137
date	time	136
date	time	135
date	time	134
date	time	133
date	time	132
date	time	131
date	time	130
date	time	129
date	time	128
date	time	127
date	time	126
date	time	125
date	time	124
date	time	123
date	time	122
date	time	121
date	time	120
date	time	119
date	time	118
date	time	117
date	time	116
date	time	115
date	time	114
date	time	113
date	time	112
date	time	111
date	time	110
date	time	109
date	time	108
date	time	107
date	time	106
date	time	105
date	time	104
date	time	103
date	time	102
date	time	101
date	time	100
date	time	99
date	time	98
date	time	97
date	time	96
date	time	95
date	time	94
date	time	93
date	time	92
date	time	91
date	time	90
date	time	89
date	time	88
date	time	87
date	time	86
date	time	85
date	time	84
date	time	83
date	time	82
date	time	81
date	time	80
date	time	79
date	time	78
date	time	77
date	time	76
date	time	75
date	time	74
date	time	73
date	time	72
date	time	71
date	time	70
date	time	69
date	time	68
date	time	67
date	time	66
date	time	65
date	time	64
date	time	63
date	time	62
date	time	61
date	time	60
date	time	59
date	time	58
date	time	57
date	time	56
date	time	55
date	time	54
date	time	53
date	time	52
date	time	51
date	time	50
date	time	49
date	time	48
date	time	47
date	time	46
date	time	45
date	time	44
date	time	43
date	time	42
date	time	41
date	time	40
date	time	39
date	time	38
date	time	37
date	time	36
date	time	35
date	time	34
date	time	33
date	time	32
date	time	31
date	time	30
date	time	29
date	time	28
date	time	27
date	time	26
date	time	25
date	time	24
date	time	23
date	time	22
date	time	21
date	time	20
date	time	19
date	time	18
date	time	17
date	time	16
date	time	15
date	time	14
date	time	13
date	time	12
date	time	11
date	time	10
date	time	9
date	time	8
date	time	7
date	time	6
date	time	5
date	time	4
date	time	3
date	time	2
date	time	1
